{"schemaVersion":"1.0","appDefinitionTemplate":{"id":"/providers/Microsoft.PowerApps/apps/","type":"Microsoft.PowerApps/apps","tags":{"primaryDeviceWidth":"1366","primaryDeviceHeight":"768","supportsPortrait":"true","supportsLandscape":"true","primaryFormFactor":"Tablet","showStatusBar":"false","publisherVersion":"3.25071.7","minimumRequiredApiVersion":"2.2.0","hasComponent":"false","hasUnlockedComponent":"false","isUnifiedRootApp":"false","sienaVersion":"20250722T064637Z-3.25071.7.0","coauthoringEnabled":"true","multipleWritersEnabled":"true","acceptedCoauthoringTerms":"true"},"properties":{"appVersion":"2025-07-22T06:46:37Z","lifeCycleId":"Published","createdByClientVersion":{"major":3,"minor":25071,"build":7,"revision":0,"majorRevision":0,"minorRevision":0},"minClientVersion":{"major":3,"minor":25071,"build":7,"revision":0,"majorRevision":0,"minorRevision":0},"backgroundColor":"RGBA(0,176,240,1)","backgroundImageUri":"/10565236523770435339/N22fbc0b2-8874-410d-b78d-7dee84fbff66-logoSmallFile","displayName":"TaskBridge","description":"","commitMessage":"","appUris":{"documentUri":{"value":"/10565236523770435339/N4a3cb56f-c2f2-4032-8e52-45706980c977-document.msapp"},"imageUris":[],"additionalUris":[{"isSolutionAware":false,"value":"/10565236523770435339/N877ef201-479e-48ca-bb8a-fb4677f6d172-identity.json"}]},"createdTime":"0001-01-01T00:00:00Z","lastModifiedTime":"0001-01-01T00:00:00Z","sharedGroupsCount":0,"sharedUsersCount":0,"connectionReferences":{"1d400ff3-f229-4f4d-bb93-47e030a2371a":{"id":"3ad544b0-8f9d-4f3b-8513-5a2d0a257078","displayName":"SharePoint","iconUri":"https://conn-afd-prod-endpoint-bmc9bqahasf3grgk.b01.azurefd.net/v1.0.1754/1.0.1754.4231/sharepointonline/icon.png","dataSources":["Requests","Role Based Login","TicketTypes","TasksList","Departments"],"dependencies":[],"dependents":[],"parameterHints":{},"parameterHintsV2":{},"isOnPremiseConnection":false,"bypassConsent":false,"dataSets":{"https://labskraft27.sharepoint.com/sites/MyPojects":{"dataSources":{"Requests":{"tableName":"a8f2e4fb-7dd6-4fb9-b211-7f712724fd6b"},"TasksList":{"tableName":"e6d00108-ba26-4e0c-b1d3-2eeff552fd09"},"Departments":{"tableName":"5e464aaf-9f1d-4e5b-9145-a3d5844d396a"}}},"https://labskraft27.sharepoint.com":{"dataSources":{"Role Based Login":{"tableName":"9e9a114f-4345-4f48-a525-09171528304c"},"TicketTypes":{"tableName":"fa1c6a9e-7e19-4b8f-9186-df1ff9be1da2"}}}},"apiTier":"Standard","isCustomApiConnection":false,"actions":["providers/PowerPlatform.Governance/Operations/Read","providers/PowerPlatform.Governance/Operations/Write"]}},"authorizationReferences":[{"resourceId":"powerbi"}],"databaseReferences":{},"almMode":"Environment","performanceOptimizationEnabled":true,"canConsumeAppPass":true,"enableModernRuntimeMode":false,"executionRestrictions":{"isTeamsOnly":false,"dataLossPreventionEvaluationResult":{"status":"Compliant","lastEvaluationDate":"2025-07-13T13:46:34.0234639Z","violations":[],"violationsByPolicy":[],"violationErrorMessage":"The app uses the following connectors: shared_sharepointonline."}}},"isAppComponentLibrary":false,"appType":"ClassicCanvasApp","appComponents":[]}}