{"name":"0edff48b-438a-4fdf-87cd-df5b629f7696","id":"/providers/Microsoft.Flow/flows/0edff48b-438a-4fdf-87cd-df5b629f7696","type":"Microsoft.Flow/flows","properties":{"apiId":"/providers/Microsoft.PowerApps/apis/shared_logicflows","displayName":"When an item is created or modified -> List rows present in a table...","definition":{"metadata":{"workflowEntityId":null,"processAdvisorMetadata":null,"flowChargedByPaygo":null,"flowclientsuspensionreason":"None","flowclientsuspensiontime":null,"flowclientsuspensionreasondetails":null,"creator":{"id":"27f055c7-a1c0-4297-a999-5c4205fd831b","type":"User","tenantId":"b004a8b0-87e2-43c3-9940-c62feee15ff9"},"provisioningMethod":"FromDefinition","failureAlertSubscription":true,"clientLastModifiedTime":"2025-07-21T16:39:11.5798739Z","connectionKeySavedTimeKey":"2025-07-21T16:39:11.5798739Z","creationSource":"Portal","modifiedSources":"Portal"},"$schema":"https://schema.management.azure.com/providers/Microsoft.Logic/schemas/2016-06-01/workflowdefinition.json#","contentVersion":"1.0.0.0","parameters":{"$connections":{"defaultValue":{},"type":"Object"},"$authentication":{"defaultValue":{},"type":"SecureObject"}},"triggers":{"When_an_item_is_created_or_modified":{"recurrence":{"frequency":"Minute","interval":5},"splitOn":"@triggerOutputs()?['body/value']","metadata":{"operationMetadataId":"2b2821ba-deed-4160-a627-3d52e1661256"},"type":"OpenApiConnection","inputs":{"host":{"apiId":"/providers/Microsoft.PowerApps/apis/shared_sharepointonline","connectionName":"shared_sharepointonline","operationId":"GetOnUpdatedItems"},"parameters":{"dataset":"https://labskraft27.sharepoint.com/sites/MyPojects","table":"a8f2e4fb-7dd6-4fb9-b211-7f712724fd6b"},"authentication":"@parameters('$authentication')"}}},"actions":{"Filter_array":{"runAfter":{"List_rows_present_in_a_table_2":["Succeeded"]},"metadata":{"operationMetadataId":"1451d89f-f71d-4a79-ade1-66b7f4e1cd84"},"type":"Query","inputs":{"from":"@outputs('List_rows_present_in_a_table_2')?['body/value']","where":"@equals(item()?['ID'], string(triggerOutputs()?['body/ID']))"}},"Condition":{"actions":{"Add_a_row_into_a_table":{"runAfter":{},"metadata":{"01PXG2ZBAFSDRPU2TPABC2GPX2QMWMVYJP":"/AdminDashboardReports.xlsx","operationMetadataId":"2085a9ea-3da0-4a0f-b51e-780a77eaf256","tableId":"{1FEFFE89-94BF-4C0A-8C3E-F5FA49DBFFFD}"},"type":"OpenApiConnection","inputs":{"host":{"apiId":"/providers/Microsoft.PowerApps/apis/shared_excelonlinebusiness","connectionName":"shared_excelonlinebusiness","operationId":"AddRowV2"},"parameters":{"source":"me","drive":"b!u4I9CTaJ-UCDEMJPQvWbqMEkIapZ8txOveQP2hoYGQXCRhGmXoliQqw1FD5CzutV","file":"01PXG2ZBAFSDRPU2TPABC2GPX2QMWMVYJP","table":"{1FEFFE89-94BF-4C0A-8C3E-F5FA49DBFFFD}","item/ID":"@triggerOutputs()?['body/ID']","item/Department":"@triggerOutputs()?['body/Title']","item/Task":"@triggerOutputs()?['body/Task']","item/CreatedBy":"@triggerOutputs()?['body/CreatedBy']","item/Description":"@triggerOutputs()?['body/Description']","item/CreatedDate":"@triggerOutputs()?['body/CreatedDate']","item/Status":"@triggerOutputs()?['body/Status']","item/Priority":"@triggerOutputs()?['body/Priority']","item/ClosedDate":"@triggerOutputs()?['body/ClosedDate']","item/AssignedTo":"@triggerOutputs()?['body/AssignedTo']","item/Comments":"@triggerOutputs()?['body/Comments']","item/Employee ID":"@triggerOutputs()?['body/PSID']","item/Contact Number":"@triggerOutputs()?['body/ContactNumber']","item/Block Name":"@triggerOutputs()?['body/BlockName']","item/Attachment":"@triggerOutputs()?['body/{HasAttachments}']"},"authentication":"@parameters('$authentication')"}}},"runAfter":{"Filter_array":["Succeeded"]},"else":{"actions":{"Update_a_row":{"runAfter":{},"metadata":{"01PXG2ZBAFSDRPU2TPABC2GPX2QMWMVYJP":"/AdminDashboardReports.xlsx","operationMetadataId":"3303f3a2-ef1f-407e-b286-81e69e5aae06","tableId":"{1FEFFE89-94BF-4C0A-8C3E-F5FA49DBFFFD}"},"type":"OpenApiConnection","inputs":{"host":{"apiId":"/providers/Microsoft.PowerApps/apis/shared_excelonlinebusiness","connectionName":"shared_excelonlinebusiness","operationId":"PatchItem"},"parameters":{"source":"me","drive":"b!u4I9CTaJ-UCDEMJPQvWbqMEkIapZ8txOveQP2hoYGQXCRhGmXoliQqw1FD5CzutV","file":"01PXG2ZBAFSDRPU2TPABC2GPX2QMWMVYJP","table":"{1FEFFE89-94BF-4C0A-8C3E-F5FA49DBFFFD}","idColumn":"ID","id":"@triggerOutputs()?['body/ID']","item/ID":"@triggerOutputs()?['body/ID']","item/Department":"@triggerOutputs()?['body/Title']","item/Task":"@triggerOutputs()?['body/Task']","item/CreatedBy":"@triggerOutputs()?['body/CreatedBy']","item/Description":"@triggerOutputs()?['body/Description']","item/CreatedDate":"@triggerOutputs()?['body/CreatedDate']","item/Status":"@triggerOutputs()?['body/Status']","item/Priority":"@triggerOutputs()?['body/Priority']","item/ClosedDate":"@triggerOutputs()?['body/ClosedDate']","item/AssignedTo":"@triggerOutputs()?['body/AssignedTo']","item/Comments":"@triggerOutputs()?['body/Comments']","item/Employee ID":"@triggerOutputs()?['body/PSID']","item/Contact Number":"@triggerOutputs()?['body/ContactNumber']","item/Block Name":"@triggerOutputs()?['body/BlockName']","item/Attachment":"@triggerOutputs()?['body/{HasAttachments}']"},"authentication":"@parameters('$authentication')"}}}},"expression":{"equals":["@empty(body('Filter_array'))","@true"]},"metadata":{"operationMetadataId":"8913d58b-b4fb-45ed-a9ca-c77b7e9fdd94"},"type":"If"},"List_rows_present_in_a_table_2":{"runAfter":{},"metadata":{"01PXG2ZBAFSDRPU2TPABC2GPX2QMWMVYJP":"/AdminDashboardReports.xlsx","operationMetadataId":"39ef12ba-a306-48e8-864d-734195cc7a86","tableId":"{1FEFFE89-94BF-4C0A-8C3E-F5FA49DBFFFD}"},"type":"OpenApiConnection","inputs":{"host":{"apiId":"/providers/Microsoft.PowerApps/apis/shared_excelonlinebusiness","connectionName":"shared_excelonlinebusiness","operationId":"GetItems"},"parameters":{"source":"me","drive":"b!u4I9CTaJ-UCDEMJPQvWbqMEkIapZ8txOveQP2hoYGQXCRhGmXoliQqw1FD5CzutV","file":"01PXG2ZBAFSDRPU2TPABC2GPX2QMWMVYJP","table":"{1FEFFE89-94BF-4C0A-8C3E-F5FA49DBFFFD}"},"authentication":"@parameters('$authentication')"}}},"outputs":{}},"connectionReferences":{"shared_excelonlinebusiness":{"connectionName":"shared-excelonlinebu-bb45126b-4a47-4fe6-a202-4e045525a2dc","source":"Embedded","id":"/providers/Microsoft.PowerApps/apis/shared_excelonlinebusiness","tier":"NotSpecified","apiName":"excelonlinebusiness","isProcessSimpleApiReferenceConversionAlreadyDone":false},"shared_sharepointonline":{"connectionName":"f655f6fe736a4c1fa834a3340ab4c873","source":"Embedded","id":"/providers/Microsoft.PowerApps/apis/shared_sharepointonline","tier":"NotSpecified","apiName":"sharepointonline","isProcessSimpleApiReferenceConversionAlreadyDone":false}},"flowFailureAlertSubscribed":false,"isManaged":false}}