{"name":"8f221b39-ca0b-4974-b655-0a79b2549638","id":"/providers/Microsoft.Flow/flows/8f221b39-ca0b-4974-b655-0a79b2549638","type":"Microsoft.Flow/flows","properties":{"apiId":"/providers/Microsoft.PowerApps/apis/shared_logicflows","displayName":"Trigger an email to user and Admin regarding Request","definition":{"metadata":{"workflowEntityId":null,"processAdvisorMetadata":null,"flowChargedByPaygo":null,"flowclientsuspensionreason":"None","flowclientsuspensiontime":null,"flowclientsuspensionreasondetails":null,"creator":{"id":"27f055c7-a1c0-4297-a999-5c4205fd831b","type":"User","tenantId":"b004a8b0-87e2-43c3-9940-c62feee15ff9"},"provisioningMethod":"FromDefinition","failureAlertSubscription":true,"clientLastModifiedTime":"2025-07-21T09:26:33.60669Z","connectionKeySavedTimeKey":"2025-07-21T09:26:33.60669Z","creationSource":"Portal","modifiedSources":"Portal"},"$schema":"https://schema.management.azure.com/providers/Microsoft.Logic/schemas/2016-06-01/workflowdefinition.json#","contentVersion":"1.0.0.0","parameters":{"$connections":{"defaultValue":{},"type":"Object"},"$authentication":{"defaultValue":{},"type":"SecureObject"}},"triggers":{"When_an_item_is_created":{"recurrence":{"frequency":"Minute","interval":5},"splitOn":"@triggerOutputs()?['body/value']","metadata":{"operationMetadataId":"ec17760e-683c-406a-b83e-e1d5924c4a01"},"type":"OpenApiConnection","inputs":{"host":{"apiId":"/providers/Microsoft.PowerApps/apis/shared_sharepointonline","connectionName":"shared_sharepointonline","operationId":"GetOnNewItems"},"parameters":{"dataset":"https://labskraft27.sharepoint.com/sites/MyPojects","table":"a8f2e4fb-7dd6-4fb9-b211-7f712724fd6b"},"authentication":"@parameters('$authentication')"}}},"actions":{"Send_an_email_(V2)":{"runAfter":{},"metadata":{"operationMetadataId":"8c716739-e5d2-480b-a34c-1a5f84477bd0"},"type":"OpenApiConnection","inputs":{"host":{"apiId":"/providers/Microsoft.PowerApps/apis/shared_office365","connectionName":"shared_office365","operationId":"SendEmailV2"},"parameters":{"emailMessage/To":"@triggerBody()?['CreatedBy']","emailMessage/Subject":"Acknowledgement of Your @{triggerOutputs()?['body/Title']} Request","emailMessage/Body":"<p>Dear @{triggerBody()?['CreatedBy']},<br>\n<br>\nThank you for bringing the @{triggerOutputs()?['body/Task']} issue in @{triggerOutputs()?['body/Title']} &nbsp;to our attention.<br>\n<br>\nWe have successfully received your service request regarding the reported concern in your area. Our team values your feedback and is committed to maintaining a clean and hygienic environment for all.<br>\n<br>\nYour ticket has been forwarded to the relevant department, and our @{triggerOutputs()?['body/Title']} team will investigate and take appropriate action within the next 24–48 hours. We will notify you once the issue is resolved or if any further information is required.<br>\n<br>\nShould you need to provide any additional details or updates regarding this request, please reply to this email or contact our support team at [support@email.com].<br>\n<br>\nWe appreciate your cooperation and thank you for helping us keep the community clean and safe.<br>\n<br>\nBest regards,<br>\nMahesh Koppula<br>\nAdmin – Support</p>","emailMessage/Importance":"Normal"},"authentication":"@parameters('$authentication')"}},"Send_an_email_(V2)_1":{"runAfter":{"Send_an_email_(V2)":["Succeeded"]},"metadata":{"operationMetadataId":"a38626e2-1928-49e4-bbaf-62df5d354bea"},"type":"OpenApiConnection","inputs":{"host":{"apiId":"/providers/Microsoft.PowerApps/apis/shared_office365","connectionName":"shared_office365","operationId":"SendEmailV2"},"parameters":{"emailMessage/To":"user512@labskraft.com","emailMessage/Subject":"New Request on @{triggerBody()?['Task']} in @{triggerBody()?['Title']} is Arrived","emailMessage/Body":"<p>Dear TaskBridge Admin,<br>\n<br>\nA new request has been created.<br>\n<br>\n<strong>Task Name: </strong>@{triggerOutputs()?['body/Task']}<br>\n<br>\n<strong>Request Title:</strong> @{triggerOutputs()?['body/Title']}<br>\n<br>\n<strong>Created By:</strong> @{triggerOutputs()?['body/CreatedBy']}<br>\n<br>\nPlease review the new request at your earliest convenience.<br>\n<br>\nBest regards,<br>\nTaskBridge Notification System</p>","emailMessage/Importance":"Normal"},"authentication":"@parameters('$authentication')"}}},"outputs":{}},"connectionReferences":{"shared_office365":{"connectionName":"c0630344daeb456b826ccec1a35fb85e","source":"Embedded","id":"/providers/Microsoft.PowerApps/apis/shared_office365","tier":"NotSpecified","apiName":"office365","isProcessSimpleApiReferenceConversionAlreadyDone":false},"shared_sharepointonline":{"connectionName":"f655f6fe736a4c1fa834a3340ab4c873","source":"Embedded","id":"/providers/Microsoft.PowerApps/apis/shared_sharepointonline","tier":"NotSpecified","apiName":"sharepointonline","isProcessSimpleApiReferenceConversionAlreadyDone":false}},"flowFailureAlertSubscribed":false,"isManaged":false}}