{"name":"f11cfb23-caef-481b-96b5-a08d3b3859eb","id":"/providers/Microsoft.Flow/flows/f11cfb23-caef-481b-96b5-a08d3b3859eb","type":"Microsoft.Flow/flows","properties":{"apiId":"/providers/Microsoft.PowerApps/apis/shared_logicflows","displayName":"Request Status","definition":{"metadata":{"workflowEntityId":null,"processAdvisorMetadata":null,"flowChargedByPaygo":null,"flowclientsuspensionreason":"None","flowclientsuspensiontime":null,"flowclientsuspensionreasondetails":null,"creator":{"id":"27f055c7-a1c0-4297-a999-5c4205fd831b","type":"User","tenantId":"b004a8b0-87e2-43c3-9940-c62feee15ff9"},"provisioningMethod":"FromDefinition","failureAlertSubscription":true,"clientLastModifiedTime":"2025-07-22T06:16:32.177272Z","connectionKeySavedTimeKey":"2025-07-22T06:16:32.177272Z","creationSource":"Portal","modifiedSources":"Portal"},"$schema":"https://schema.management.azure.com/providers/Microsoft.Logic/schemas/2016-06-01/workflowdefinition.json#","contentVersion":"1.0.0.0","parameters":{"$authentication":{"defaultValue":{},"type":"SecureObject"},"$connections":{"defaultValue":{},"type":"Object"}},"triggers":{"When_an_item_or_a_file_is_modified":{"recurrence":{"frequency":"Minute","interval":5},"splitOn":"@triggerOutputs()?['body/value']","metadata":{"operationMetadataId":"55d4e563-2201-45cb-9b4d-521ff63264b0"},"type":"OpenApiConnection","inputs":{"parameters":{"dataset":"https://labskraft27.sharepoint.com/sites/MyPojects","table":"a8f2e4fb-7dd6-4fb9-b211-7f712724fd6b"},"host":{"apiId":"/providers/Microsoft.PowerApps/apis/shared_sharepointonline","connectionName":"shared_sharepointonline","operationId":"GetOnChangedItems"},"authentication":"@parameters('$authentication')"}}},"actions":{"Switch":{"runAfter":{},"cases":{"Case_1":{"case":"In Progress","actions":{"Send_an_email_(V2)":{"metadata":{"operationMetadataId":"22abe615-81d8-478b-9b00-6d1027cd6bb2"},"type":"OpenApiConnection","inputs":{"parameters":{"emailMessage/To":"@triggerBody()?['CreatedBy']","emailMessage/Subject":"Yout Request for @{triggerOutputs()?['body/Task']} in @{triggerOutputs()?['body/Title']} is In Progress","emailMessage/Body":"<p>Dear @{triggerOutputs()?['body/CreatedBy']},<br>\n<br>\nThank you for your patience.<br>\n<br>\nYour request for &nbsp;&nbsp;\"@{triggerOutputs()?['body/Title']}\" is currently in progress and has been assigned to @{triggerOutputs()?['body/AssignedTo']} for resolution.<br>\n<br>\nWe appreciate your cooperation and will notify you once the issue is resolved.<br>\n<br>\nBest regards, &nbsp;<br>\nTaskBridge Support Team.<br>\n</p>","emailMessage/Importance":"Normal"},"host":{"apiId":"/providers/Microsoft.PowerApps/apis/shared_office365","connectionName":"shared_office365","operationId":"SendEmailV2"},"authentication":"@parameters('$authentication')"}}}},"Case_2":{"case":"Closed","actions":{"Send_an_email_(V2)_2":{"metadata":{"operationMetadataId":"3809f871-b835-49f0-a6b2-f022ac771bc4"},"type":"OpenApiConnection","inputs":{"parameters":{"emailMessage/To":"@triggerOutputs()?['body/CreatedBy']","emailMessage/Subject":"Your Request for @{triggerOutputs()?['body/Task']} in @{triggerOutputs()?['body/Title']} is Resolved","emailMessage/Body":"<p>Dear @{triggerOutputs()?['body/CreatedBy']},<br>\n<br>\nWe’re happy to inform you that your request for \"@{triggerOutputs()?['body/Title']}\" has been successfully completed.<br>\n<br>\nThank you for your patience and for using TaskBridge.<br>\n<br>\nIf you have any further questions or concerns, feel free to reach out.<br>\n<br>\nBest regards, &nbsp;<br>\nTaskBridge Support Team.</p>","emailMessage/Importance":"Normal"},"host":{"apiId":"/providers/Microsoft.PowerApps/apis/shared_office365","connectionName":"shared_office365","operationId":"SendEmailV2"},"authentication":"@parameters('$authentication')"}}}}},"default":{"actions":{}},"expression":"@triggerBody()?['Status']","metadata":{"operationMetadataId":"854673a9-9e50-4a3b-9869-a7936141ed7a"},"type":"Switch"}},"outputs":{}},"connectionReferences":{"shared_sharepointonline":{"connectionName":"f655f6fe736a4c1fa834a3340ab4c873","source":"Embedded","id":"/providers/Microsoft.PowerApps/apis/shared_sharepointonline","tier":"NotSpecified","apiName":"sharepointonline","isProcessSimpleApiReferenceConversionAlreadyDone":false},"shared_office365":{"connectionName":"c0630344daeb456b826ccec1a35fb85e","source":"Embedded","id":"/providers/Microsoft.PowerApps/apis/shared_office365","tier":"NotSpecified","apiName":"office365","isProcessSimpleApiReferenceConversionAlreadyDone":false}},"flowFailureAlertSubscribed":false,"isManaged":false}}